epoch,time,train/box_loss,train/cls_loss,train/l1_loss,metrics/precision(B),metrics/recall(B),metrics/mAP50(B),metrics/mAP50-95(B),val/box_loss,val/cls_loss,val/l1_loss,lr/pg0,lr/pg1,lr/pg2
1,7.59214,0.75476,7.4786,0.00455,0.00333,1,0.01875,0.01582,0.42407,8.39178,0.00371,0.00062963,0.00062963,0.00062963
2,9.68368,0.78054,6.34103,0.00392,0.00333,1,0.0188,0.01194,0.5032,8.26798,0.00417,0.00128346,0.00128346,0.00128346
3,11.6086,0.9437,5.59648,0.00506,0.00333,1,0.00381,0.00273,0.57649,8.18274,0.00532,0.0019241,0.0019241,0.0019241
4,13.6075,0.91448,5.23998,0.00504,0.00333,1,0.35893,0.24707,0.55283,7.56011,0.00479,0.0019406,0.0019406,0.0019406
5,15.4763,0.93529,5.3243,0.0053,0.59975,0.89907,0.83505,0.57986,0.6434,6.79114,0.00593,0.0019208,0.0019208,0.0019208
6,17.58,0.90267,4.51608,0.005,0.74731,0.76,0.83891,0.58537,0.70742,6.01458,0.00622,0.001901,0.001901,0.001901
7,19.5982,0.86082,4.26174,0.00479,0.92031,0.69308,0.90438,0.6349,0.74688,5.4391,0.00689,0.0018812,0.0018812,0.0018812
8,21.608,0.79462,4.26726,0.00483,0.81025,0.76873,0.84804,0.63718,0.66389,4.80268,0.00601,0.0018614,0.0018614,0.0018614
9,23.5777,0.75849,3.75556,0.00374,0.9075,0.64,0.7993,0.59085,0.74277,4.25145,0.00651,0.0018416,0.0018416,0.0018416
10,25.3812,0.9184,3.59333,0.00499,0.81349,0.8,0.82955,0.55046,0.90823,4.11397,0.00887,0.0018218,0.0018218,0.0018218
11,27.1385,0.81596,3.11201,0.00471,0.82018,0.72,0.84726,0.60206,0.81865,3.62388,0.00734,0.001802,0.001802,0.001802
12,28.9372,0.86655,2.8888,0.00476,0.79366,0.84626,0.89182,0.62379,0.77356,3.45961,0.007,0.0017822,0.0017822,0.0017822
13,31.0007,0.83285,2.55085,0.00447,0.82189,0.82,0.87488,0.60972,0.80228,3.18923,0.00725,0.0017624,0.0017624,0.0017624
14,33.2323,0.82888,2.60367,0.00439,0.80028,0.80144,0.86642,0.60823,0.76899,3.13092,0.00694,0.0017426,0.0017426,0.0017426
15,35.555,0.77347,2.23045,0.00417,0.85276,0.84,0.89266,0.56803,0.91762,3.11295,0.00838,0.0017228,0.0017228,0.0017228
16,37.8156,0.81993,2.34902,0.0044,0.89045,0.81295,0.90979,0.63529,0.71777,2.70514,0.00672,0.001703,0.001703,0.001703
17,39.7096,0.96042,2.3465,0.0052,0.9524,0.80031,0.9291,0.64688,0.74693,2.46365,0.00695,0.0016832,0.0016832,0.0016832
18,41.5841,0.76269,1.88115,0.00398,0.97547,0.84,0.93869,0.62115,0.82737,2.36002,0.00761,0.0016634,0.0016634,0.0016634
19,43.5231,0.73558,1.83211,0.00382,0.98242,0.82,0.90941,0.65742,0.75496,2.34449,0.00653,0.0016436,0.0016436,0.0016436
20,45.4719,0.82786,1.90146,0.00472,0.94737,0.84,0.90141,0.67589,0.64774,2.10725,0.00582,0.0016238,0.0016238,0.0016238
21,47.5444,0.68285,1.7325,0.00378,0.92743,0.86,0.9063,0.63302,0.71437,1.93898,0.00644,0.001604,0.001604,0.001604
22,49.3485,0.7196,1.54365,0.00367,0.95635,0.87637,0.91731,0.67696,0.6987,1.83573,0.00645,0.0015842,0.0015842,0.0015842
23,51.1649,0.64271,1.48321,0.00358,0.91239,0.88,0.90829,0.66149,0.66814,1.78224,0.00616,0.0015644,0.0015644,0.0015644
24,52.9395,0.70994,1.6266,0.00402,0.95348,0.9,0.91577,0.61732,0.85443,1.74231,0.00789,0.0015446,0.0015446,0.0015446
25,54.7629,0.77822,1.44631,0.00435,0.91581,0.87036,0.91691,0.59965,0.85018,1.67147,0.00814,0.0015248,0.0015248,0.0015248
26,56.5472,0.73254,1.31497,0.00409,0.93343,0.92,0.94161,0.66933,0.68303,1.51775,0.00635,0.001505,0.001505,0.001505
27,58.2919,0.77561,1.34037,0.00412,0.98548,0.84,0.9454,0.69633,0.64334,1.48314,0.00597,0.0014852,0.0014852,0.0014852
28,60.1909,0.72084,1.20908,0.00386,0.98006,0.86,0.95668,0.62668,0.82174,1.46628,0.00731,0.0014654,0.0014654,0.0014654
29,61.9297,0.70989,1.17568,0.00408,0.93769,0.90291,0.97059,0.67049,0.74913,1.28984,0.00689,0.0014456,0.0014456,0.0014456
30,63.8146,0.6262,1.07494,0.00333,0.93043,0.92,0.97242,0.61812,0.80249,1.35533,0.00704,0.0014258,0.0014258,0.0014258
31,65.7938,0.66459,0.98906,0.00366,0.90374,0.94,0.97294,0.65402,0.76629,1.24651,0.00712,0.001406,0.001406,0.001406
32,67.6495,0.69132,1.0013,0.00356,0.93896,0.92298,0.97194,0.55082,0.95632,1.2336,0.00886,0.0013862,0.0013862,0.0013862
33,69.4681,0.58193,0.90249,0.00295,0.95882,0.93147,0.97331,0.64391,0.85521,1.07947,0.008,0.0013664,0.0013664,0.0013664
34,71.253,0.64209,0.87135,0.00345,0.89805,0.96,0.97021,0.65179,0.82077,1.07494,0.00757,0.0013466,0.0013466,0.0013466
35,73.1275,0.64233,0.85544,0.00327,0.88956,0.9666,0.9748,0.63244,0.81077,1.02637,0.00743,0.0013268,0.0013268,0.0013268
36,74.964,0.61052,0.82084,0.00334,0.93974,0.93581,0.9649,0.69865,0.73017,0.95473,0.00695,0.001307,0.001307,0.001307
37,76.7963,0.625,0.86608,0.00337,0.93784,0.98,0.98144,0.65322,0.74346,0.89319,0.00693,0.0012872,0.0012872,0.0012872
38,78.6727,0.56423,0.7614,0.00301,0.95988,0.9571,0.98055,0.74614,0.63264,0.81979,0.00595,0.0012674,0.0012674,0.0012674
39,80.4834,0.59175,0.75002,0.00306,0.97873,0.9203,0.97944,0.72414,0.64278,0.80821,0.00596,0.0012476,0.0012476,0.0012476
40,82.2233,0.57944,0.71073,0.00302,1,0.89677,0.9803,0.72668,0.66821,0.7775,0.00631,0.0012278,0.0012278,0.0012278
41,83.9445,0.60892,0.74285,0.00286,0.97948,0.95467,0.98206,0.739,0.6315,0.75205,0.00595,0.001208,0.001208,0.001208
42,85.661,0.49704,0.65316,0.0025,0.92979,0.96,0.97856,0.74041,0.62094,0.74265,0.0058,0.0011882,0.0011882,0.0011882
43,87.4293,0.52738,0.63149,0.00259,0.9397,0.93515,0.97732,0.71128,0.67948,0.75008,0.00638,0.0011684,0.0011684,0.0011684
44,89.4463,0.54848,0.59379,0.00293,0.9566,0.88175,0.97623,0.63652,0.84068,0.78664,0.00798,0.0011486,0.0011486,0.0011486
45,91.3943,0.56201,0.68844,0.00274,0.90991,0.88,0.95883,0.59722,0.88483,0.82085,0.00812,0.0011288,0.0011288,0.0011288
46,93.397,0.55873,0.6317,0.00271,0.87943,0.92,0.95803,0.6331,0.78595,0.79741,0.00717,0.001109,0.001109,0.001109
47,95.0961,0.49135,0.60933,0.00248,0.97768,0.87614,0.96253,0.66425,0.72717,0.74656,0.0066,0.0010892,0.0010892,0.0010892
48,96.8925,0.51537,0.5738,0.00272,0.9837,0.84,0.9518,0.68391,0.71313,0.72124,0.00649,0.0010694,0.0010694,0.0010694
49,98.7378,0.54695,0.58061,0.00284,0.97803,0.9,0.96242,0.6855,0.68516,0.64622,0.00625,0.0010496,0.0010496,0.0010496
50,100.648,0.55942,0.56387,0.00274,0.92111,0.93416,0.97337,0.60516,0.83991,0.68851,0.00753,0.0010298,0.0010298,0.0010298
51,102.649,0.52403,0.54702,0.0028,0.87382,0.96962,0.97492,0.72814,0.65319,0.57963,0.006,0.00101,0.00101,0.00101
52,104.578,0.53337,0.55084,0.00291,0.87319,0.96411,0.97623,0.73799,0.66364,0.56388,0.00614,0.0009902,0.0009902,0.0009902
53,106.581,0.54298,0.53852,0.00278,0.92142,0.93805,0.97365,0.71037,0.6955,0.56585,0.00625,0.0009704,0.0009704,0.0009704
54,108.521,0.5267,0.52846,0.0029,0.90399,0.96,0.97604,0.70909,0.69535,0.56125,0.0063,0.0009506,0.0009506,0.0009506
55,110.414,0.48572,0.46043,0.00268,0.92212,0.94737,0.97569,0.65903,0.76967,0.60608,0.0071,0.0009308,0.0009308,0.0009308
56,112.32,0.48191,0.45722,0.00234,0.93958,0.9332,0.97744,0.6235,0.82386,0.63954,0.00757,0.000911,0.000911,0.000911
57,114.262,0.53343,0.5549,0.00313,0.90682,0.97328,0.97991,0.6841,0.72687,0.55773,0.00672,0.0008912,0.0008912,0.0008912
58,116.366,0.54386,0.46891,0.00283,0.97159,0.92,0.97917,0.67011,0.73352,0.5717,0.00669,0.0008714,0.0008714,0.0008714
59,118.471,0.5453,0.48674,0.00274,0.92356,0.96666,0.9793,0.62802,0.80693,0.57285,0.00723,0.0008516,0.0008516,0.0008516
60,120.456,0.4952,0.44898,0.00226,0.93577,0.96,0.97662,0.68078,0.72061,0.54297,0.00663,0.0008318,0.0008318,0.0008318
61,122.656,0.48503,0.48721,0.00249,0.95909,0.93789,0.97789,0.69411,0.71285,0.53112,0.00651,0.000812,0.000812,0.000812
62,124.575,0.48201,0.4842,0.00246,0.92017,0.94,0.97925,0.65062,0.78151,0.54056,0.00694,0.0007922,0.0007922,0.0007922
63,126.686,0.43556,0.44713,0.00225,0.92914,0.92,0.97587,0.69652,0.70882,0.51617,0.00641,0.0007724,0.0007724,0.0007724
64,128.754,0.4309,0.43287,0.00224,0.96264,0.92,0.97833,0.68658,0.70692,0.50198,0.00648,0.0007526,0.0007526,0.0007526
65,131.274,0.45496,0.44125,0.00221,0.97951,0.95605,0.98312,0.70518,0.69478,0.47402,0.00635,0.0007328,0.0007328,0.0007328
66,133.274,0.45544,0.38347,0.00246,0.9791,0.93683,0.98255,0.73242,0.6579,0.4645,0.00607,0.000713,0.000713,0.000713
67,135.259,0.52885,0.42348,0.00288,0.97861,0.91501,0.98038,0.73082,0.66451,0.46967,0.00608,0.0006932,0.0006932,0.0006932
68,137.246,0.47554,0.43178,0.0026,0.92392,0.97157,0.98299,0.68107,0.70543,0.47389,0.00641,0.0006734,0.0006734,0.0006734
69,139.636,0.52395,0.41813,0.00277,0.99886,0.9,0.98394,0.6817,0.68437,0.46777,0.00627,0.0006536,0.0006536,0.0006536
70,141.914,0.43797,0.3802,0.00227,0.97312,0.9,0.97976,0.70849,0.65203,0.45768,0.00599,0.0006338,0.0006338,0.0006338
71,144.454,0.48051,0.39837,0.00246,0.99418,0.94,0.98607,0.70484,0.69422,0.44129,0.00642,0.000614,0.000614,0.000614
72,146.828,0.41372,0.36941,0.00219,0.97951,0.95599,0.98669,0.70075,0.74305,0.45227,0.00682,0.0005942,0.0005942,0.0005942
73,149.33,0.47176,0.41917,0.00239,0.97529,0.98,0.98753,0.68725,0.78448,0.4432,0.00718,0.0005744,0.0005744,0.0005744
74,151.336,0.44502,0.38189,0.00232,0.97969,0.96469,0.98931,0.68551,0.76007,0.43724,0.007,0.0005546,0.0005546,0.0005546
75,153.342,0.39167,0.38343,0.00198,0.97994,0.97717,0.98975,0.67691,0.76674,0.43102,0.0071,0.0005348,0.0005348,0.0005348
76,155.317,0.40597,0.35531,0.00205,0.99912,0.94,0.98919,0.67143,0.79021,0.4401,0.00732,0.000515,0.000515,0.000515
77,157.431,0.41011,0.34344,0.00202,0.96045,0.97147,0.98752,0.68302,0.7658,0.4427,0.00705,0.0004952,0.0004952,0.0004952
78,159.412,0.41685,0.38151,0.002,0.91662,0.98,0.98379,0.68813,0.7506,0.4528,0.0069,0.0004754,0.0004754,0.0004754
79,161.462,0.38469,0.37696,0.00179,0.99524,0.92,0.98654,0.66489,0.76546,0.44907,0.00696,0.0004556,0.0004556,0.0004556
80,163.521,0.36524,0.36323,0.00193,0.97374,0.92,0.98357,0.65709,0.76337,0.46094,0.00693,0.0004358,0.0004358,0.0004358
81,165.574,0.38844,0.38229,0.00202,0.97916,0.93985,0.98526,0.68382,0.75007,0.44345,0.00685,0.000416,0.000416,0.000416
82,167.556,0.42004,0.35959,0.00212,0.95947,0.94704,0.98514,0.68958,0.7413,0.43876,0.0068,0.0003962,0.0003962,0.0003962
83,169.544,0.44742,0.35348,0.00233,0.94211,0.96,0.98464,0.69866,0.72556,0.43101,0.00666,0.0003764,0.0003764,0.0003764
84,171.673,0.34674,0.3378,0.0018,0.94202,0.97491,0.98533,0.69356,0.72491,0.42806,0.00663,0.0003566,0.0003566,0.0003566
85,173.892,0.39515,0.34958,0.00198,0.95613,0.98,0.98667,0.6928,0.73197,0.41849,0.0067,0.0003368,0.0003368,0.0003368
86,175.94,0.40435,0.32112,0.00195,0.96574,0.98,0.98689,0.68828,0.71348,0.40899,0.00656,0.000317,0.000317,0.000317
87,177.932,0.37508,0.33991,0.00209,0.95582,0.98,0.98585,0.71164,0.68258,0.3987,0.00627,0.0002972,0.0002972,0.0002972
88,180.109,0.39573,0.36623,0.00204,0.95826,0.98,0.98441,0.72413,0.66703,0.39743,0.00613,0.0002774,0.0002774,0.0002774
89,182.058,0.36384,0.32163,0.00182,0.95334,0.98,0.98543,0.71119,0.66805,0.39495,0.00613,0.0002576,0.0002576,0.0002576
90,184.194,0.36806,0.36559,0.00181,0.95587,0.98,0.98482,0.70668,0.66462,0.39707,0.00608,0.0002378,0.0002378,0.0002378
91,188.447,0.30473,0.39801,0.00174,0.97563,0.98,0.98571,0.71539,0.65003,0.39118,0.00596,0.000218,0.000218,0.000218
92,190.622,0.3017,0.38513,0.00187,0.95099,0.98,0.98531,0.71724,0.64611,0.39026,0.00592,0.0001982,0.0001982,0.0001982
93,192.663,0.26664,0.36136,0.0015,0.94114,0.95943,0.98249,0.71553,0.6509,0.40876,0.006,0.0001784,0.0001784,0.0001784
94,194.852,0.30522,0.3581,0.00175,0.92107,0.96,0.98042,0.7191,0.66101,0.42287,0.0061,0.0001586,0.0001586,0.0001586
95,197.156,0.28693,0.36075,0.00182,0.92407,0.97365,0.98004,0.71542,0.65761,0.42731,0.0061,0.0001388,0.0001388,0.0001388
96,199.124,0.29208,0.34826,0.00179,0.92449,0.97943,0.97947,0.69628,0.66533,0.42519,0.00617,0.000119,0.000119,0.000119
97,201.055,0.29694,0.37183,0.00174,0.91797,0.98,0.9793,0.69473,0.65961,0.41815,0.00612,9.92e-05,9.92e-05,9.92e-05
98,202.953,0.28653,0.33385,0.00177,0.92038,0.98,0.98022,0.70249,0.65306,0.41039,0.00605,7.94e-05,7.94e-05,7.94e-05
99,204.855,0.30219,0.34049,0.00186,0.94095,0.95614,0.98228,0.7102,0.65002,0.39303,0.00603,5.96e-05,5.96e-05,5.96e-05
100,206.835,0.27595,0.33085,0.00172,0.94204,0.97535,0.98216,0.71086,0.65047,0.39441,0.00601,3.98e-05,3.98e-05,3.98e-05
