epoch,time,train/box_loss,train/cls_loss,train/dfl_loss,metrics/precision(B),metrics/recall(B),metrics/mAP50(B),metrics/mAP50-95(B),val/box_loss,val/cls_loss,val/dfl_loss,lr/pg0,lr/pg1,lr/pg2
1,6.7333,0.84169,3.52247,0.97178,0.00314,0.94118,0.00683,0.00296,0.80946,3.53287,0.78318,0.000555556,0.000555556,0.000555556
2,7.67007,0.82766,3.49869,0.98404,0.00333,1,0.59644,0.12424,2.79653,4.66712,1.8609,0.00121012,0.00121012,0.00121012
3,8.44971,2.51639,3.15195,2.08171,0.00333,1,0.59644,0.12424,2.79653,4.66712,1.8609,0.00185149,0.00185149,0.00185149
4,9.17362,2.72051,3.65808,2.23328,0.00333,1,0.57241,0.13851,2.81707,4.69481,1.88765,0.0019406,0.0019406,0.0019406
5,9.9487,2.80224,4.00687,2.37524,0.00314,0.94118,0.60139,0.12104,2.7462,4.81164,1.86359,0.0019208,0.0019208,0.0019208
6,10.7269,2.64569,3.66627,2.29953,0.21171,0.11765,0.14789,0.04686,1.56748,4.0406,2.01369,0.001901,0.001901,0.001901
7,11.4994,1.89802,3.41273,1.87524,0.21171,0.11765,0.14789,0.04686,1.56748,4.0406,2.01369,0.0018812,0.0018812,0.0018812
8,12.2931,1.83339,3.06514,1.76518,0.15916,0.11765,0.18224,0.05835,1.4577,3.92711,1.8075,0.0018614,0.0018614,0.0018614
9,13.0758,1.72764,2.99989,1.62305,0.00294,0.88235,0.00366,0.00165,1.22092,4.27945,1.39369,0.0018416,0.0018416,0.0018416
10,13.9626,1.519,2.79815,1.55519,0.0002,0.05882,4e-05,0,3.02217,10.1546,3.65063,0.0018218,0.0018218,0.0018218
11,14.8619,1.6488,3.22115,1.48818,0.0002,0.05882,4e-05,0,3.02217,10.1546,3.65063,0.001802,0.001802,0.001802
12,15.6558,1.43794,2.46022,1.39223,0.00118,0.35294,0.00051,0.00018,3.44621,406.453,6.66019,0.0017822,0.0017822,0.0017822
13,16.5186,1.33773,2.41498,1.3314,0.00185,0.41176,0.00116,0.00034,3.27648,412.634,3.71875,0.0017624,0.0017624,0.0017624
14,17.3178,1.23494,2.06045,1.25584,0.00305,0.35294,0.0021,0.00046,2.24057,51.6819,2.71461,0.0017426,0.0017426,0.0017426
15,18.1533,1.15254,2.32329,1.22218,0.00305,0.35294,0.0021,0.00046,2.24057,51.6819,2.71461,0.0017228,0.0017228,0.0017228
16,18.9567,1.04472,2.04727,1.17255,0.22744,0.05882,0.03617,0.01752,1.72184,4.38731,1.55982,0.001703,0.001703,0.001703
17,19.7651,1.07618,2.07719,1.13478,0.00255,0.76471,0.02508,0.014,2.12759,3.88339,1.9674,0.0016832,0.0016832,0.0016832
18,20.5444,1.00691,1.72656,1.05239,0.96556,0.29412,0.456,0.28627,1.19491,2.70291,1.16846,0.0016634,0.0016634,0.0016634
19,21.3297,0.98817,1.56159,1.13803,0.96556,0.29412,0.456,0.28627,1.19491,2.70291,1.16846,0.0016436,0.0016436,0.0016436
20,22.0947,0.8381,1.59523,1.012,1,0.71205,0.92299,0.63337,0.92388,2.28854,0.97209,0.0016238,0.0016238,0.0016238
21,22.9086,1.02069,1.57721,1.12732,0.63754,0.70588,0.65306,0.4616,0.90151,2.05966,0.96469,0.001604,0.001604,0.001604
22,23.7123,0.95995,1.45545,1.1206,0.98839,0.88235,0.94428,0.69343,0.86049,1.61075,0.90279,0.0015842,0.0015842,0.0015842
23,24.5203,0.81799,1.27485,1.02834,0.98839,0.88235,0.94428,0.69343,0.86049,1.61075,0.90279,0.0015644,0.0015644,0.0015644
24,25.2892,0.7604,1.19313,1.01376,1,0.82352,0.92952,0.66886,0.83358,1.67987,0.8885,0.0015446,0.0015446,0.0015446
25,26.1447,0.82586,1.29222,1.03022,0.8318,0.58227,0.79049,0.50667,0.96974,2.51105,1.06074,0.0015248,0.0015248,0.0015248
26,26.9302,0.76221,1.21504,0.97799,0.519,0.57189,0.5683,0.38355,0.86698,3.77427,1.01605,0.001505,0.001505,0.001505
27,27.7803,0.72768,1.24934,1.00759,0.519,0.57189,0.5683,0.38355,0.86698,3.77427,1.01605,0.0014852,0.0014852,0.0014852
28,28.6691,0.80052,1.15918,0.99566,0.71372,0.52941,0.59495,0.49192,0.84583,3.4862,1.08761,0.0014654,0.0014654,0.0014654
29,29.5972,0.81214,1.19361,0.98668,0.81637,0.64706,0.62556,0.50335,0.79657,2.49025,1.09446,0.0014456,0.0014456,0.0014456
30,30.3948,0.77219,1.09605,0.9543,0.83414,0.70588,0.70122,0.51912,0.85544,2.26331,1.12912,0.0014258,0.0014258,0.0014258
31,31.2047,0.72017,1.15829,0.97109,0.83414,0.70588,0.70122,0.51912,0.85544,2.26331,1.12912,0.001406,0.001406,0.001406
32,31.9733,0.77159,1.20008,0.97908,1,0.76024,0.86984,0.65652,0.84172,2.18025,1.14107,0.0013862,0.0013862,0.0013862
33,32.7468,0.72368,1.11872,0.94318,0.9971,0.88235,0.98342,0.78343,0.86668,2.048,1.08761,0.0013664,0.0013664,0.0013664
34,33.4179,0.71619,1.12779,0.94608,0.98269,0.94118,0.98974,0.80189,0.982,2.03154,1.135,0.0013466,0.0013466,0.0013466
35,34.0717,0.77243,1.19014,0.96128,0.98269,0.94118,0.98974,0.80189,0.982,2.03154,1.135,0.0013268,0.0013268,0.0013268
36,34.7682,0.66206,1.03905,0.93049,1,0.99427,0.995,0.78001,1.12983,1.73493,1.03845,0.001307,0.001307,0.001307
37,35.4208,0.75457,1.07076,0.96673,0.99819,1,0.995,0.68025,1.03473,1.05615,0.95608,0.0012872,0.0012872,0.0012872
38,36.0949,0.84047,1.14547,1.05358,0.99551,1,0.995,0.68489,1.04615,1.1956,0.96284,0.0012674,0.0012674,0.0012674
39,36.7375,0.64164,0.8977,0.9067,0.99551,1,0.995,0.68489,1.04615,1.1956,0.96284,0.0012476,0.0012476,0.0012476
40,37.3937,0.60569,0.9619,0.91498,0.99433,1,0.995,0.73119,1.10229,1.31979,0.98047,0.0012278,0.0012278,0.0012278
41,38.0862,0.65943,1.06182,0.95804,0.99405,1,0.995,0.74678,1.0516,1.23828,0.94687,0.001208,0.001208,0.001208
42,38.7958,0.64798,0.93972,0.9529,0.99403,1,0.995,0.75112,0.94468,1.17213,0.91635,0.0011882,0.0011882,0.0011882
43,39.515,0.65847,0.93108,0.96332,0.99403,1,0.995,0.75112,0.94468,1.17213,0.91635,0.0011684,0.0011684,0.0011684
44,40.2006,0.64083,0.9495,0.92626,0.99472,1,0.995,0.73381,0.90272,0.98401,0.90528,0.0011486,0.0011486,0.0011486
45,40.9594,0.5914,0.88885,0.89535,0.99649,1,0.995,0.70817,0.91942,1.02202,0.92218,0.0011288,0.0011288,0.0011288
46,41.7052,0.70577,0.96356,0.96625,0.99651,1,0.995,0.70114,0.84242,0.98284,0.90022,0.001109,0.001109,0.001109
47,42.5226,0.63615,0.87158,0.93577,0.99651,1,0.995,0.70114,0.84242,0.98284,0.90022,0.0010892,0.0010892,0.0010892
48,43.1662,0.56938,0.87588,0.91009,0.9964,1,0.995,0.69805,0.78757,0.90985,0.89306,0.0010694,0.0010694,0.0010694
49,43.8607,0.64119,0.82685,0.93662,0.99615,1,0.995,0.67435,0.74881,0.82106,0.90131,0.0010496,0.0010496,0.0010496
50,44.5677,0.65835,1.07979,0.98939,0.9967,1,0.995,0.68766,0.83806,0.87773,0.91107,0.0010298,0.0010298,0.0010298
51,45.3332,0.56778,0.79703,0.87692,0.9967,1,0.995,0.68766,0.83806,0.87773,0.91107,0.00101,0.00101,0.00101
52,46.0886,0.60892,0.86841,0.93099,0.99657,1,0.995,0.73468,0.90526,0.87508,0.90776,0.0009902,0.0009902,0.0009902
53,46.7537,0.59672,0.81925,0.93431,0.9963,1,0.995,0.71966,0.94063,0.89122,0.9168,0.0009704,0.0009704,0.0009704
54,47.4031,0.64087,0.84416,0.9466,0.99592,1,0.995,0.71645,0.95956,0.89542,0.9174,0.0009506,0.0009506,0.0009506
55,48.0517,0.5989,0.78713,0.9378,0.99592,1,0.995,0.71645,0.95956,0.89542,0.9174,0.0009308,0.0009308,0.0009308
56,48.7092,0.59183,0.78588,0.94292,0.99576,1,0.995,0.70176,0.97346,0.89119,0.92969,0.000911,0.000911,0.000911
57,49.3921,0.56862,0.79572,0.91751,0.99585,1,0.995,0.70114,0.97851,0.87102,0.94238,0.0008912,0.0008912,0.0008912
58,50.0547,0.53798,0.73858,0.89302,0.99638,1,0.995,0.68216,0.99803,0.88958,0.94991,0.0008714,0.0008714,0.0008714
59,50.7047,0.61981,0.82242,0.9667,0.99638,1,0.995,0.68216,0.99803,0.88958,0.94991,0.0008516,0.0008516,0.0008516
60,51.4048,0.56097,0.79813,0.93237,0.99635,1,0.995,0.7286,1.07327,0.88736,0.96902,0.0008318,0.0008318,0.0008318
61,52.1495,0.54386,0.80305,0.89851,0.99677,1,0.995,0.74178,1.0783,0.81891,0.96441,0.000812,0.000812,0.000812
62,52.8277,0.52511,0.76626,0.88983,0.99687,1,0.995,0.72419,1.04868,0.8459,0.95046,0.0007922,0.0007922,0.0007922
63,53.5629,0.55966,0.73773,0.88484,0.99687,1,0.995,0.72419,1.04868,0.8459,0.95046,0.0007724,0.0007724,0.0007724
64,54.3183,0.50304,0.71159,0.89317,0.99624,1,0.995,0.71865,1.02735,0.83353,0.93497,0.0007526,0.0007526,0.0007526
65,55.0866,0.54967,0.71329,0.93893,0.99684,1,0.995,0.72146,1.02785,0.7939,0.93673,0.0007328,0.0007328,0.0007328
66,55.8508,0.62529,0.77219,0.9533,0.99673,1,0.995,0.69778,1.03873,0.81025,0.94344,0.000713,0.000713,0.000713
67,56.6638,0.58984,0.71924,0.90135,0.99673,1,0.995,0.69778,1.03873,0.81025,0.94344,0.0006932,0.0006932,0.0006932
68,57.565,0.61568,0.74175,0.91017,0.99682,1,0.995,0.7155,1.04986,0.79664,0.94,0.0006734,0.0006734,0.0006734
69,58.2749,0.51109,0.65088,0.88068,0.99685,1,0.995,0.7403,1.07682,0.84809,0.93871,0.0006536,0.0006536,0.0006536
70,59.0887,0.53891,0.67105,0.8611,0.9947,1,0.995,0.7385,1.07803,0.83141,0.92606,0.0006338,0.0006338,0.0006338
71,59.9777,0.5754,0.74788,0.89207,0.9947,1,0.995,0.7385,1.07803,0.83141,0.92606,0.000614,0.000614,0.000614
72,60.7973,0.49592,0.67911,0.89532,0.99528,1,0.995,0.72872,1.10222,0.81347,0.92957,0.0005942,0.0005942,0.0005942
73,61.5063,0.57009,0.70884,0.93834,0.99552,1,0.995,0.74441,1.1394,0.83213,0.94138,0.0005744,0.0005744,0.0005744
74,62.2786,0.47302,0.72728,0.8695,0.99687,1,0.995,0.75201,1.143,0.79897,0.95333,0.0005546,0.0005546,0.0005546
75,62.9811,0.50427,0.65762,0.90252,0.99687,1,0.995,0.75201,1.143,0.79897,0.95333,0.0005348,0.0005348,0.0005348
76,63.6676,0.55292,0.62488,0.89984,0.99706,1,0.995,0.73621,1.12107,0.78483,0.96195,0.000515,0.000515,0.000515
77,64.3669,0.5558,0.66592,0.90599,0.9973,1,0.995,0.7304,1.12182,0.77933,0.97482,0.0004952,0.0004952,0.0004952
78,65.1297,0.50826,0.62643,0.91003,0.9973,1,0.995,0.72146,1.11693,0.81926,0.97852,0.0004754,0.0004754,0.0004754
79,65.8477,0.60348,0.7317,0.98942,0.9973,1,0.995,0.72146,1.11693,0.81926,0.97852,0.0004556,0.0004556,0.0004556
80,66.5618,0.48779,0.72813,0.90011,0.99742,1,0.995,0.74311,1.13861,0.86518,0.98467,0.0004358,0.0004358,0.0004358
81,67.2532,0.51705,0.6563,0.88251,0.99772,1,0.995,0.74125,1.13747,0.84246,0.98535,0.000416,0.000416,0.000416
82,67.9495,0.40029,0.6534,0.83978,0.99765,1,0.995,0.73359,1.15309,0.84752,0.99166,0.0003962,0.0003962,0.0003962
83,68.6286,0.52055,0.68637,0.90389,0.99765,1,0.995,0.73359,1.15309,0.84752,0.99166,0.0003764,0.0003764,0.0003764
84,69.3184,0.48593,0.60724,0.86817,0.9972,1,0.995,0.74157,1.15495,0.8228,0.98583,0.0003566,0.0003566,0.0003566
85,70.0714,0.52573,0.6114,0.89786,0.99704,1,0.995,0.74358,1.15104,0.78904,0.97798,0.0003368,0.0003368,0.0003368
86,70.8419,0.47245,0.62259,0.84872,0.99669,1,0.995,0.74666,1.14394,0.73254,0.97265,0.000317,0.000317,0.000317
87,71.6582,0.48821,0.67544,0.88285,0.99669,1,0.995,0.74666,1.14394,0.73254,0.97265,0.0002972,0.0002972,0.0002972
88,72.4126,0.46935,0.70582,0.87575,0.99655,1,0.995,0.73212,1.13706,0.72469,0.96805,0.0002774,0.0002774,0.0002774
89,73.1902,0.40208,0.62054,0.84446,0.99653,1,0.995,0.73265,1.12694,0.72919,0.96337,0.0002576,0.0002576,0.0002576
90,73.9899,0.43322,0.62044,0.8858,0.99668,1,0.995,0.71733,1.12013,0.73175,0.96122,0.0002378,0.0002378,0.0002378
91,77.1917,0.44915,0.77178,0.84428,0.99668,1,0.995,0.71733,1.12013,0.73175,0.96122,0.000218,0.000218,0.000218
92,77.9718,0.45389,0.71181,0.84146,0.99664,1,0.995,0.71522,1.12688,0.73826,0.96795,0.0001982,0.0001982,0.0001982
93,78.6448,0.47279,0.74261,0.84997,0.99649,1,0.995,0.71687,1.1537,0.73947,0.97889,0.0001784,0.0001784,0.0001784
94,79.3992,0.39833,0.73231,0.84886,0.99639,1,0.995,0.71375,1.17936,0.74485,0.98696,0.0001586,0.0001586,0.0001586
95,80.1167,0.39127,0.76158,0.81443,0.99639,1,0.995,0.71375,1.17936,0.74485,0.98696,0.0001388,0.0001388,0.0001388
96,80.845,0.41632,0.75257,0.82382,0.99656,1,0.995,0.70206,1.18207,0.72148,0.98204,0.000119,0.000119,0.000119
97,81.5899,0.47509,0.75312,0.87556,0.99664,1,0.995,0.70116,1.19973,0.73767,0.98779,9.92e-05,9.92e-05,9.92e-05
98,82.3374,0.43181,0.80715,0.88195,0.99671,1,0.995,0.70114,1.20944,0.75244,0.98879,7.94e-05,7.94e-05,7.94e-05
99,83.0459,0.39344,0.71534,0.81027,0.99671,1,0.995,0.70114,1.20944,0.75244,0.98879,5.96e-05,5.96e-05,5.96e-05
100,83.7287,0.39672,0.72825,0.82304,0.9967,1,0.995,0.69281,1.20256,0.75405,0.98515,3.98e-05,3.98e-05,3.98e-05
